index	name	abbreviation	color
1	Tuberomammillary_nucleus_ventral_part	TMv	#ff4e56
2	Primary_somatosensory_area_mouth_layer_6b	SSp-m6b	#89cda1
4	Inferior_colliculus	IC	#ff98ff
6	internal_capsule	int	#cccccc
7	Principal_sensory_nucleus_of_the_trigeminal	PSV	#ffaa5f
8	Basic_cell_groups_and_regions	grey	#b0ffff
9	Primary_somatosensory_area_trunk_layer_6a	SSp-tr6a	#73cbcf
10	Superior_colliculus_motor_related_intermediate_gray_layer	SCig	#ffb2f8
12	Interfascicular_nucleus_raph	IF	#ff9efb
14	internal_medullary_lamina_of_the_thalamus	im	#cccccc
15	Parataenial_nucleus	PT	#ff8586
17	Superior_colliculus_motor_related_intermediate_white_layer	SCiw	#ffb2f8
19	Induseum_griseum	IG	#72fe72
23	Anterior_amygdalar_area	AAA	#bad0f8
26	Superior_colliculus_motor_related_deep_gray_layer	SCdg	#ffb2f8
27	Intergeniculate_leaflet_of_the_lateral_geniculate_complex	IGL	#ff8786
30	Periventricular_hypothalamic_nucleus_anterior_part	PVa	#ff4c4e
33	Primary_visual_area_layer_6a	VISp6a	#55a8b2
35	Oculomotor_nucleus	III	#ffa8ff
36	Gustatory_areas_layer_1	GU1	#33b55a
38	Paraventricular_hypothalamic_nucleus	PVH	#ff4c4d
41	posteromedial_visual_area_layer_2/3	VISpm2/3	#00afbf
42	Superior_colliculus_motor_related_deep_white_layer	SCdw	#ffb2f8
50	Precommissural_nucleus	PRC	#ff90ff
56	Nucleus_accumbens	ACB	#a0e8e0
59	Intermediodorsal_nucleus_of_the_thalamus	IMD	#ff90a4
62	medial_longitudinal_fascicle	mlf	#cccccc
63	Paraventricular_hypothalamic_nucleus_descending_division	PVHd	#ff4e5a
64	Anterodorsal_nucleus	AD	#ff8887
66	Lateral_terminal_nucleus_of_the_accessory_optic_tract	LT	#ffb1fd
67	Interstitial_nucleus_of_Cajal	INC	#ff91ff
68	Frontal_pole_layer_1	FRP1	#79a13b
72	Anterodorsal_preoptic_nucleus	ADP	#ff4d51
73	ventricular_systems	VS	#aaaaaa
74	Lateral_visual_area_layer_6a	VISl6a	#45b7c1
78	middle_cerebellar_peduncle	mcp	#cccccc
81	lateral_ventricle	VL	#aaaaaa
83	Inferior_olivary_complex	IO	#ffd4bd
84	Prelimbic_area_layer_6a	PL6a	#96b67f
88	Anterior_hypothalamic_nucleus	AHN	#ff4e51
91	Interposed_nucleus	IP	#f0f052
93	motor_root_of_the_trigeminal_nerve	moV	#cccccc
96	Dorsal_cochlear_nucleus	DCO	#ff9bcd
97	Temporal_association_areas_layer_1	TEa1	#008c6e
100	Interpeduncular_nucleus	IPN	#ff9ef7
101	Ventral_cochlear_nucleus	VCO	#ff9bcd
105	Superior_olivary_complex_medial_part	SOCm	#ffaa5e
106	Inferior_salivatory_nucleus	ISN	#ffd4be
113	Primary_somatosensory_area_lower_limb_layer_2/3	SSp-ll2/3	#00b79b
114	Superior_olivary_complex_lateral_part	SOCl	#ffaa5e
115	Trochlear_nucleus	IV	#ffb2ff
117	optic_chiasm	och	#cccccc
118	Periventricular_hypothalamic_nucleus_intermediate_part	PVi	#ff4c3d
120	Agranular_insular_area_posterior_part_layer_1	AIp1	#009a52
121	Lateral_visual_area_layer_6b	VISl6b	#6bc0cb
122	Superior_olivary_complex_periolivary_region	POR	#ffaa5e
125	optic_tract	opt	#cccccc
126	Periventricular_hypothalamic_nucleus_posterior_part	PVp	#ff4d5c
127	Anteromedial_nucleus	AM	#ff8886
128	Midbrain_reticular_nucleus	MRN	#ff84ff
129	third_ventricle	V3	#aaaaaa
131	Lateral_amygdalar_nucleus	LA	#50ff58
132	Prelimbic_area_layer_6b	PL6b	#a0bb8e
133	Periventricular_hypothalamic_nucleus_preoptic_part	PVpo	#ff4d5d
136	Intermediate_reticular_nucleus	IRN	#ffd4bb
140	cerebral_aqueduct	AQ	#aaaaaa
143	Nucleus_ambiguus_ventral_division	AMBv	#ffd4d4
145	fourth_ventricle	V4	#aaaaaa
146	Pontine_reticular_nucleus	PRNr	#ffac78
147	Locus_ceruleus	LC	#ffac76
148	Gustatory_areas_layer_4	GU4	#6ac17d
149	Paraventricular_nucleus_of_the_thalamus	PVT	#ff8585
153	lateral_recess	V4r	#aaaaaa
155	Lateral_dorsal_nucleus_of_thalamus	LD	#ff8880
156	Dorsal_auditory_area_layer_6a	AUDd6a	#71beb0
158	posterior_commissure	pc	#cccccc
159	Anterior_olfactory_nucleus	AON	#90ffb8
162	Laterodorsal_tegmental_nucleus	LDT	#ffac75
163	Agranular_insular_area_posterior_part_layer_2/3	AIp2/3	#14a05e
164	central_canal_spinal_cord/medulla	c	#aaaaaa
169	Nucleus_prepositus	PRP	#ffd4db
170	Dorsal_part_of_the_lateral_geniculate_complex	LGd	#ff70a1
171	Prelimbic_area_layer_1	PL1	#539642
173	Retrochiasmatic_area	RCH	#ff4f54
177	Nucleus_of_Roller	NR	#ffd4dd
178	Ventral_part_of_the_lateral_geniculate_complex	LGv	#ff8787
180	Gustatory_areas_layer_2/3	GU2/3	#52bb70
181	Nucleus_of_reunions	RE	#ff8584
186	Lateral_habenula	LH	#ff8790
187	Gustatory_areas_layer_5	GU5	#7fc88a
188	Accessory_olfactory_bulb_glomerular_layer	AOBgl	#8ceb9c
189	Rhomboid_nucleus	RH	#ff8084
190	pyramid	py	#cccccc
194	Lateral_hypothalamic_area	LHA	#ff4f51
196	Accessory_olfactory_bulb_granular_layer	AOBgr	#6ecd7e
197	Rostral_linear_nucleus_raph	RL	#ff9ef9
201	Primary_somatosensory_area_barrel_field_layer_2/3	SSp-bfd2/3	#13baab
202	Medial_vestibular_nucleus	MV	#ffd8c9
203	Linear_nucleus_of_the_medulla	LIN	#ffd4bf
204	Accessory_olfactory_bulb_mitral_layer	AOBmi	#82e192
206	Nucleus_raph_magnus	RM	#ffb0c1
207	Area_postrema	AP	#ffb0b2
209	Lateral_vestibular_nucleus	LAV	#ffd6c9
210	Lateral_mammillary_nucleus	LM	#ff4e53
211	Anterior_cingulate_area_dorsal_part_layer_2/3	ACAd2/3	#74af58
214	Red_nucleus	RN	#ff86f9
215	Anterior_pretectal_nucleus	APN	#ffb0f9
217	Superior_vestibular_nucleus	SUV	#ffd4c9
218	Lateral_posterior_nucleus_of_the_thalamus	LP	#ff8782
222	Nucleus_raph_obscurus	RO	#ffb0c2
223	Arcuate_hypothalamic_nucleus	ARH	#ff4c4f
225	Spinal_vestibular_nucleus	SPIV	#ffd4c9
226	Lateral_preoptic_area	LPO	#ff4f52
230	Nucleus_raph_pallidus	RPA	#ffb0c3
231	Anterior_tegmental_nucleus	AT	#ffb1fc
233	Anterolateral_visual_area_layer_5	VISal5	#10b3ca
234	Temporal_association_areas_layer_4	TEa4	#389785
235	Lateral_reticular_nucleus	LRN	#ffd4c1
237	solitary_tract	ts	#cccccc
238	Nucleus_raph_pontis	RPO	#ffac73
243	Dorsal_auditory_area_layer_6b	AUDd6b	#89c6ba
246	Midbrain_reticular_nucleus_retrorubral_area	RR	#ffb2f9
249	Posterior_auditory_area_layer_6a	AUDpo6a	#6fbfb9
250	Lateral_septal_nucleus_caudal_(caudodorsal)_part	LSc	#99ede8
251	Primary_auditory_area_layer_2/3	AUDp2/3	#00a077
252	Dorsal_auditory_area_layer_5	AUDd5	#5bb9a8
255	Anteroventral_nucleus_of_thalamus	AV	#ff8885
257	posteromedial_visual_area_layer_6a	VISpm6a	#5dbcc9
258	Lateral_septal_nucleus_rostral_(rostroventral)_part	LSr	#99ede9
260	Nucleus_of_the_lateral_olfactory_tract_molecular_layer	NLOT1	#a0ffaa
262	Reticular_nucleus_of_the_thalamus	RT	#ff8080
263	Anteroventral_preoptic_nucleus	AVP	#ff4d53
266	Lateral_septal_nucleus_ventral_part	LSv	#99edea
269	Posterolateral_visual_area_layer_2/3	VISpl2/3	#00b5d6
271	Nucleus_sagulum	SAG	#ff98fb
272	Anteroventral_periventricular_nucleus	AVPV	#ff4d54
274	Retrosplenial_area_dorsal_part_layer_6a	RSPd6a	#56a481
278	Striatum-like_amygdalar_nuclei	sAMY	#a0d0e8
279	Retrosplenial_area_lateral_agranular_part_layer_6b	RSPagl6b	#53a58e
280	Barrington's_nucleus	B	#ffae50
281	Anteromedial_visual_area_layer_1	VISam1	#008d8b
286	Suprachiasmatic_nucleus	SCH	#ff4d5e
287	Bed_nucleus_of_the_anterior_commissure	BAC	#a0be98
288	Orbital_area_ventrolateral_part_layer_2/3	ORBvl2/3	#339257
289	Temporal_association_areas_layer_5	TEa5	#52a596
292	Bed_nucleus_of_the_accessory_olfactory_tract	BA	#a0d0e8
296	Anterior_cingulate_area_ventral_part_layer_2/3	ACAv2/3	#83c664
298	Magnocellular_nucleus	MA	#a2d0b0
301	stria_terminalis	st	#cccccc
303	Basolateral_amygdalar_nucleus_anterior_part	BLAa	#51ff53
304	Prelimbic_area_layer_2/3	PL2/3	#79a35f
305	Primary_visual_area_layer_6b	VISp6b	#6badb2
307	Magnocellular_reticular_nucleus	MARN	#ffd4c2
310	Septofimbrial_nucleus	SF	#93efe8
311	Basolateral_amygdalar_nucleus_posterior_part	BLAp	#52ff53
313	Midbrain	MB	#ffc8ff
314	Agranular_insular_area_posterior_part_layer_6a	AIp6a	#57b47c
318	Supragenual_nucleus	SG	#ffae54
319	Basomedial_amygdalar_nucleus	BMA	#50ff54
320	Primary_motor_area_Layer_1	MOp1	#2da14f
321	Subgeniculate_nucleus	SubG	#ff8785
325	Suprageniculate_nucleus	SGN	#ff8382
326	superior_cerebelar_peduncles	scp	#cccccc
328	Agranular_insular_area_dorsal_part_layer_2/3	AId2/3	#5fab61
330	Retrosplenial_area_dorsal_part_layer_6b	RSPd6b	#68aa8e
332	Accessory_supraoptic_group	ASO	#ff4c3e
333	Septohippocampal_nucleus	SH	#8befe8
335	Perirhinal_area_layer_6a	PERI6a	#4fa6a4
338	Subfornical_organ	SFO	#ff4d50
341	supramammillary_decussation	smd	#cccccc
342	Substantia_innominata	SI	#98d0b0
344	Agranular_insular_area_posterior_part_layer_5	AIp5	#3ba56a
347	Subparaventricular_zone	SBPV	#ff4d50
350	Subceruleus_nucleus	SLC	#ffac72
351	Bed_nuclei_of_the_stria_terminalis	BST	#a0bea0
354	Medulla	MY	#ffa0b0
355	Agranular_insular_area_posterior_part_layer_6b	AIp6b	#6cba89
356	Preparasubthalamic_nucleus	PST	#ff4f50
358	Sublaterodorsal_nucleus	SLD	#ffac71
362	Mediodorsal_nucleus_of_thalamus	MD	#ff90a3
363	Prelimbic_area_layer_5	PL5	#8cb272
364	Parasubthalamic_nucleus	PSTN	#ff4f50
366	Submedial_nucleus_of_the_thalamus	SMT	#ff90a1
368	Perirhinal_area_layer_6b	PERI6b	#63abad
372	Infracerebellar_nucleus	ICB	#ffd4db
374	Substantia_nigra_compact_part	SNc	#ff9ef8
377	Posterolateral_visual_area_layer_6a	VISpl6a	#6ecde2
380	cuneate_fascicle	cuf	#cccccc
381	Substantia_nigra_reticular_part	SNr	#ffb2f7
382	Field_CA1	CA1	#7aff79
388	gracile_fascicle	grf	#cccccc
390	Supraoptic_nucleus	SO	#ff4c3c
393	Posterolateral_visual_area_layer_6b	VISpl6b	#6bcdec
397	ventral_tegmental_decussation	vtd	#cccccc
401	Anteromedial_visual_area_layer_4	VISam4	#008f98
403	Medial_amygdalar_nucleus	MEA	#b0d0f8
412	Orbital_area_lateral_part_layer_2/3	ORBl2/3	#3f9457
413	vestibular_nerve	vVIIIn	#cccccc
414	Subparafascicular_nucleus_magnocellular_part	SPFm	#ff6fa5
421	Lateral_visual_area_layer_1	VISl1	#009f9e
422	Subparafascicular_nucleus_parvicellular_part	SPFp	#ff6ea5
423	Field_CA2	CA2	#7aff78
427	Ectorhinal_area/Layer_2/3	ECT2/3	#139385
429	Spinal_nucleus_of_the_trigeminal_caudal_part	SPVC	#ffb0b7
430	Retrosplenial_area_ventral_part_layer_2/3	RSPv2/3	#3d9568
433	Anteromedial_visual_area_layer_5	VISam5	#009ea3
434	Retrosplenial_area_dorsal_part_layer_2/3	RSPd2/3	#229163
436	columns_of_the_fornix	fx	#cccccc
437	Spinal_nucleus_of_the_trigeminal_interpolar_part	SPVI	#ffb0b8
440	Orbital_area_lateral_part_layer_6a	ORBl6a	#6ba874
441	Anteromedial_visual_area_layer_6b	VISam6b	#62acb5
442	Retrosplenial_area_dorsal_part_layer_1	RSPd1	#008b59
443	dorsal_hippocampal_commissure	dhc	#cccccc
445	Spinal_nucleus_of_the_trigeminal_oral_part	SPVO	#ffb0b6
448	Orbital_area_lateral_part_layer_1	ORBl1	#258f45
449	ventral_hippocampal_commissure	vhc	#cccccc
450	Primary_somatosensory_area_upper_limb_layer_1	SSp-ul1	#00ae67
451	Basolateral_amygdalar_nucleus_ventral_part	BLAv	#49ff53
452	Median_preoptic_nucleus	MEPO	#ff4d56
456	Posterior_auditory_area_layer_6b	AUDpo6b	#88c7c3
460	Midbrain_trigeminal_nucleus	MEV	#ff98fe
461	Primary_somatosensory_area_trunk_layer_6b	SSp-tr6b	#9cd8da
463	Field_CA3	CA3	#7aff77
466	alveus	alv	#cccccc
469	posteromedial_visual_area_layer_6b	VISpm6b	#77c2ca
470	Subthalamic_nucleus	STN	#ff4f55
475	Medial_geniculate_complex	MG	#ff70a2
477	Striatum	STR	#a0c8e8
478	Primary_somatosensory_area_lower_limb_layer_6a	SSp-ll6a	#77cabc
482	brachium_of_the_inferior_colliculus	bic	#cccccc
483	Medial_habenula	MH	#ff8690
484	Orbital_area_medial_part_layer_1	ORBm1	#669b3f
488	Orbital_area_lateral_part_layer_6b	ORBl6b	#80af80
491	Medial_mammillary_nucleus	MM	#ff4e54
494	Superior_colliculus_motor_related_intermediate_gray_layer_sublayer_a	SCig-a	#ffb2f8
501	posteromedial_visual_area_layer_4	VISpm4	#00b3c8
502	Subiculum	SUB	#80ff97
503	Superior_colliculus_motor_related_intermediate_gray_layer_sublayer_b	SCig-b	#ffb2f8
507	Main_olfactory_bulb	MOB	#a0ffab
510	Primary_somatosensory_area_lower_limb_layer_6b	SSp-ll6b	#91d3c6
511	Superior_colliculus_motor_related_intermediate_gray_layer_sublayer_c	SCig-c	#ffb2f8
515	Medial_preoptic_nucleus	MPN	#ff4e57
520	Ventral_auditory_area_layer_6a	AUDv6a	#74bea0
523	Medial_preoptic_area	MPO	#ff4d57
525	Supramammillary_nucleus	SUM_	#ff4e55
527	Dorsal_auditory_area_layer_1	AUDd1	#009d7d
530	dorsal_fornix	df	#cccccc
531	Medial_pretectal_area	MPT	#ffb0f8
534	Supratrigeminal_nucleus	SUT	#ffae52
536	Central_amygdalar_nucleus	CEA	#abd0f8
540	Perirhinal_area_layer_1	PERI1	#008d85
542	Retrosplenial_area_ventral_part_layer_1	RSPv1	#008a4f
549	Thalamus	TH	#ff7080
556	Infralimbic_area_layer_2/3	ILA2/3	#32925d
558	Primary_somatosensory_area_nose_layer_1	SSp-n1	#00af73
564	Medial_septal_nucleus	MS	#76e0b0
565	posteromedial_visual_area_layer_5	VISpm5	#3fb8c9
566	Postpiriform_transition_area	TR	#a0ffa6
573	Lateral_visual_area_layer_4	VISl4	#00a1ad
574	Tegmental_reticular_nucleus	TRN	#ffae51
575	Central_lateral_nucleus_of_the_thalamus	CL	#ff8784
576	Accessory_facial_motor_nucleus	ACVII	#ffd4eb
577	Primary_somatosensory_area_upper_limb_layer_4	SSp-ul4	#4fbc85
580	Nucleus_of_the_brachium_of_the_inferior_colliculus	NB	#ff98fd
581	Triangular_nucleus_of_septum	TRS	#80e0b0
582	Orbital_area_medial_part_layer_2/3	ORBm2/3	#83a65f
583	Claustrum	CLA	#50ff55
587	Nucleus_of_Darkschewitsch	ND	#ff92ff
588	Anterior_cingulate_area_ventral_part_layer_1	ACAv1	#6dbf55
589	Taenia_tecta	TT	#a0ffa0
590	Retrosplenial_area_ventral_part_layer_6a	RSPv6a	#60a681
591	Central_linear_nucleus_raph	CLI	#ff9efd
593	Primary_visual_area_layer_1	VISp1	#009399
595	fasciculus_retroflexus	fr	#cccccc
596	Diagonal_band_nucleus	NDB	#8ae0b0
598	Ventral_auditory_area_layer_6b	AUDv6b	#7fc1a8
599	Central_medial_nucleus_of_the_thalamus	CM	#ff8684
600	Dorsal_auditory_area_layer_2/3	AUDd2/3	#00a389
601	Anterolateral_visual_area_layer_6a	VISal6a	#69c1d4
603	fimbria	fi	#cccccc
604	Nucleus_incertus	NI	#ffac74
608	Orbital_area_ventrolateral_part_layer_6a	ORBvl6a	#61a674
609	Subparafascicular_area	SPA	#ff80b1
610	Retrosplenial_area_dorsal_part_layer_5	RSPd5	#3c956d
611	habenular_commissure	hbc	#cccccc
612	Nucleus_of_the_lateral_lemniscus	NLL	#ffaa61
613	Lateral_visual_area_layer_5	VISl5	#00b0b8
614	Tuberal_nucleus	TU	#ff4f56
616	Cuneiform_nucleus	CUN	#ffb2fe
620	Orbital_area_medial_part_layer_5	ORBm5	#96b571
621	Motor_nucleus_of_trigeminal	V	#ffae68
622	Retrosplenial_area_ventral_part_layer_6b	RSPv6b	#69a987
625	Primary_somatosensory_area_upper_limb_layer_5	SSp-ul5	#67c293
628	Nucleus_of_the_optic_tract	NOT	#ffb0f7
629	Ventral_anterior-lateral_complex_of_the_thalamus	VAL	#ff6ca1
630	Orbital_area_lateral_part_layer_5	ORBl5	#529862
632	Dentate_gyrus_granule_cell_layer	DG-sg	#40c840
633	inferior_colliculus_commissure	cic	#cccccc
634	Nucleus_of_the_posterior_commissure	NPC	#ffb0f6
638	Gustatory_areas_layer_6a	GU6a	#98d098
639	Cortical_amygdalar_area_anterior_part	COAa	#a0ffb2
642	Nucleus_of_the_trapezoid_body	NTB	#ffb0b5
643	Posterior_auditory_area_layer_2/3	AUDpo2/3	#18a597
647	Cortical_amygdalar_area_posterior_part	COAp	#a0ffb3
648	Primary_motor_area_Layer_5	MOp5	#5eac6f
649	Anterolateral_visual_area_layer_6b	VISal6b	#67c1dd
651	Nucleus_of_the_solitary_tract	NTS	#ffb2b0
653	Abducens_nucleus	VI	#ffd4e1
654	Primary_somatosensory_area_nose_layer_4	SSp-n4	#4ebd8c
656	Secondary_motor_area_layer_1	MOs1	#3f9344
657	Primary_somatosensory_area_mouth_layer_2/3	SSp-m2/3	#14b46b
658	lateral_lemniscus	ll	#cccccc
661	Facial_motor_nucleus	VII	#ffd4ea
662	Gustatory_areas_layer_6b	GU6b	#afdab3
665	lateral_olfactory_tract_body	lot	#cccccc
667	Frontal_pole_layer_2/3	FRP2/3	#84a54a
670	Primary_somatosensory_area_trunk_layer_2/3	SSp-tr2/3	#00b9b3
671	Retrosplenial_area_lateral_agranular_part_layer_1	RSPagl1	#008b64
672	Caudoputamen	CP	#a0d8f8
673	mammillary_peduncle	mp	#cccccc
675	Agranular_insular_area_ventral_part_layer_6a	AIv6a	#99cf89
678	Dorsal_auditory_area_layer_4	AUDd4	#3faa97
679	Superior_central_nucleus_raph	CS	#ffac77
680	Orbital_area_ventrolateral_part_layer_6b	ORBvl6b	#75ac80
681	mammillotegmental_tract	mtg	#cccccc
685	Ventral_medial_nucleus_of_the_thalamus	VM	#ff6ca2
687	Retrosplenial_area_ventral_part_layer_5	RSPv5	#57a37b
689	Ventrolateral_preoptic_nucleus	VLPO	#ff4d50
690	mammilothalmic_tract	mtt	#cccccc
692	Perirhinal_area_layer_5	PERI5	#349792
693	Ventromedial_hypothalamic_nucleus	VMH	#ff4e5b
694	Agranular_insular_area_ventral_part_layer_2/3	AIv2/3	#6bc06e
696	Posterior_auditory_area_layer_1	AUDpo1	#009e89
697	medial_lemniscus	ml	#cccccc
698	Olfactory_areas	OLF	#90ff90
699	Agranular_insular_area_ventral_part_layer_6b	AIv6b	#a6d598
702	Primary_somatosensory_area_nose_layer_5	SSp-n5	#66c39a
703	Cortical_subplate	CTXsp	#50ff50
704	Agranular_insular_area_ventral_part_layer_1	AIv1	#54ba58
705	midbrain_tract_of_the_trigeminal_nerve	mtV	#cccccc
706	Olivary_pretectal_nucleus	OP	#ffb0f5
707	Infralimbic_area_layer_1	ILA1	#008948
711	Cuneate_nucleus	CU	#ffb1b1
718	Ventral_posterolateral_nucleus_of_the_thalamus	VPL	#ff6c91
721	Primary_visual_area_layer_4	VISp4	#1197a7
725	Ventral_posterolateral_nucleus_of_the_thalamus_parvicellular_part	VPLpc	#ff6c92
728	arbor_vitae	arb	#cccccc
729	Temporal_association_areas_layer_6a	TEa6a	#66aa9d
733	Ventral_posteromedial_nucleus_of_the_thalamus	VPM	#ff6c93
735	Primary_auditory_area_layer_1	AUDp1	#009d72
741	Ventral_posteromedial_nucleus_of_the_thalamus_parvicellular_part	VPMpc	#ff6c94
749	Ventral_tegmental_area	VTA	#ffb2f6
750	Posterolateral_visual_area_layer_1	VISpl1	#00b4cd
753	principal_mammillary_tract	pm	#cccccc
754	Olfactory_tubercle	OT	#a0e0e0
755	Ventral_auditory_area_layer_2/3	AUDv2/3	#29a371
757	Ventral_tegmental_nucleus	VTN	#ffb1fa
759	Posterior_auditory_area_layer_4	AUDpo4	#3daa9e
763	Vascular_organ_of_the_lamina_terminalis	OV	#ff4d58
765	Nucleus_x	x	#ffd4ca
767	Secondary_motor_area_layer_5	MOs5	#659d61
771	Pons	P	#ff9b88
772	Anterior_cingulate_area_ventral_part_layer_5	ACAv5	#9bcf7a
773	Hypoglossal_nucleus	XII	#ffd4c0
774	Retrosplenial_area_lateral_agranular_part_layer_5	RSPagl5	#1f926e
776	corpus_callosum	cc	#cccccc
778	Primary_visual_area_layer_5	VISp5	#3ca3b1
780	Posterior_amygdalar_nucleus	PA	#50ff59
781	Nucleus_y	y	#ffd4cb
783	Agranular_insular_area_dorsal_part_layer_6a	AId6a	#90c381
784	corticospinal_tract	cst	#cccccc
786	Temporal_association_areas_layer_6b	TEa6b	#7cb1a5
788	Piriform-amygdalar_area	PAA	#a0ffa9
791	Posterior_auditory_area_layer_5	AUDpo5	#59b9b0
794	spinal_tract_of_the_trigeminal_nerve	sptV	#cccccc
795	Periaqueductal_gray	PAG	#ff90ff
797	Zona_incerta	ZI	#ff4f57
798	facial_nerve	VIIn	#cccccc
800	Agranular_insular_area_ventral_part_layer_5	AIv5	#81c77c
802	stria_medullaris	sm	#cccccc
803	Pallidum	PAL	#a0c8b0
804	Fields_of_Forel	FF	#ff4f57
805	posteromedial_visual_area_layer_1	VISpm1	#00aeb8
806	Supplemental_somatosensory_area_layer_2/3	SSs2/3	#00b487
810	Anterior_cingulate_area_ventral_part_6a	ACAv6a	#a7d488
814	Dorsal_peduncular_area	DP	#70ff7d
816	Primary_auditory_area_layer_4	AUDp4	#25a47d
819	Anterior_cingulate_area_ventral_part_6b	ACAv6b	#b2d998
821	Primary_visual_area_layer_2/3	VISp2/3	#00949f
827	Infralimbic_area_layer_5	ILA5	#4da06f
830	Dorsomedial_nucleus_of_the_hypothalamus	DMH	#ff4d55
831	Agranular_insular_area_dorsal_part_layer_6b	AId6b	#9cc88f
836	Ectorhinal_area/Layer_1	ECT1	#008c79
838	Primary_somatosensory_area_nose_layer_2/3	SSp-n2/3	#2cb780
839	Dorsal_motor_nucleus_of_the_vagus_nerve	DMX	#ffd4b8
841	trapezoid_body	tb	#cccccc
842	Superior_colliculus_superficial_gray_layer	SCsg	#ff98fa
843	Parasubiculum	PAR	#81ffa0
844	Primary_motor_area_Layer_6a	MOp6a	#78bc82
846	Dentate_nucleus	DN	#f0f052
847	Primary_auditory_area_layer_5	AUDp5	#47b291
848	optic_nerve	IIn	#cccccc
849	Visceral_area_layer_6b	VISC6b	#75bd98
851	Superior_colliculus_optic_layer	SCop	#ff98fa
852	Parvicellular_reticular_nucleus	PARN	#ffd4c4
854	Primary_somatosensory_area_upper_limb_layer_2/3	SSp-ul2/3	#2eb778
857	Visceral_area_layer_6a	VISC6a	#6cba90
859	Parasolitary_nucleus	PAS	#ffd4c5
862	Supplemental_somatosensory_area_layer_6a	SSs6a	#62c4aa
863	rubrospinal_tract	rust	#cccccc
867	Parabrachial_nucleus	PB	#ffaa60
869	Posterolateral_visual_area_layer_4	VISpl4	#00b5df
872	Dorsal_nucleus_raph	DR	#ff9efc
873	Supplemental_somatosensory_area_layer_1	SSs1	#00b081
874	Parabigeminal_nucleus	PBG	#ff98fc
877	tectospinal_pathway	tsp	#cccccc
878	Primary_somatosensory_area_mouth_layer_1	SSp-m1	#00ad5e
880	Dorsal_tegmental_nucleus	DTN	#ffae57
882	Primary_motor_area_Layer_6b	MOp6b	#8fc48f
884	amygdalar_capsule	amc	#cccccc
888	Perirhinal_area_layer_2/3	PERI2/3	#00928b
889	Primary_somatosensory_area_nose_layer_6a	SSp-n6a	#7bcaaa
893	Supplemental_somatosensory_area_layer_6b	SSs6b	#79cab3
897	Visceral_area_layer_1	VISC1	#009b5b
898	Pontine_central_gray	PCG	#ffae78
900	anterior_commissure_olfactory_limb	aco	#cccccc
902	Posterolateral_visual_area_layer_5	VISpl5	#02bed7
903	External_cuneate_nucleus	ECU	#ffb0b3
905	Anterolateral_visual_area_layer_2/3	VISal2/3	#00a1bd
906	Retrosplenial_area_lateral_agranular_part_layer_6a	RSPagl6a	#3fa081
907	Paracentral_nucleus	PCN	#ff8484
908	anterior_commissure_temporal_limb	act	#cccccc
910	Orbital_area_medial_part_layer_6a	ORBm6a	#a1ba7f
911	trochlear_nerve	IVn	#cccccc
912	Lingula_(I)	LING	#f0f280
914	Posterodorsal_preoptic_nucleus	PD	#ff4d59
918	Entorhinal_area_lateral_part	ENTl	#80ff91
919	Anterior_cingulate_area_dorsal_part_layer_6a	ACAd6a	#9dc780
920	Central_lobule	CENT	#f0f280
924	cerebal_peduncle	cpd	#cccccc
926	Entorhinal_area_medial_part_dorsal_zone	ENTm	#80ff92
927	Anterior_cingulate_area_dorsal_part_layer_6b	ACAd6b	#a8cb8e
928	Culmen	CUL	#f0f280
929	Primary_somatosensory_area_nose_layer_6b	SSp-n6b	#87ceb3
930	Parafascicular_nucleus	PF	#ff8284
931	Pontine_gray	PG	#ffae5c
934	Entorhinal_area_medial_part_ventral_zone	ENTmv	#80ff93
935	Anterior_cingulate_area_dorsal_part_layer_1	ACAd1	#60aa4b
936	Declive_(VI)	DEC	#f0f280
939	Nucleus_ambiguus_dorsal_division	AMBd	#ffd4d8
940	cingulum_bundle	cing	#cccccc
943	Primary_motor_area_Layer_2/3	MOp2/3	#49a663
944	Folium-tuber_vermis_(VII)	FOTU	#f0f280
945	Primary_somatosensory_area_upper_limb_layer_6a	SSp-ul6a	#72c69a
946	Posterior_hypothalamic_nucleus	PH	#ff4f53
949	vomeronasal_nerve	von	#cccccc
950	Primary_somatosensory_area_mouth_layer_4	SSp-m4	#42b978
951	Pyramus_(VIII)	PYR	#f0f280
952	Endopiriform_nucleus_dorsal_part	EPd	#51ff57
954	Primary_auditory_area_layer_6a	AUDp6a	#5db8a0
957	Uvula_(IX)	UVU	#f0f280
959	Ventral_auditory_area_layer_1	AUDv1	#009c66
961	Piriform_area	PIR	#a0ffa7
962	Secondary_motor_area_layer_2/3	MOs2/3	#539856
965	Retrosplenial_area_lateral_agranular_part_layer_2/3	RSPagl2/3	#008e69
966	Endopiriform_nucleus_ventral_part	EPv	#52ff57
968	Nodulus_(X)	NOD	#f0f280
969	Orbital_area_ventrolateral_part_layer_1	ORBvl1	#008c47
970	Paragigantocellular_reticular_nucleus_dorsal_part	PGRNd	#ffd4c6
973	Lateral_visual_area_layer_2/3	VISl23	#009fa5
974	Primary_somatosensory_area_mouth_layer_5	SSp-m5	#5cbf85
975	Edinger-Westphal_nucleus	EW	#ffb2fd
977	Ectorhinal_area/Layer_6a	ECT6a	#50a59c
978	Paragigantocellular_reticular_nucleus_lateral_part	PGRNl	#ffd4c6
980	Dorsal_premammillary_nucleus	PMd	#ff4e58
981	Primary_somatosensory_area_barrel_field_layer_1	SSp-bfd1	#00b29c
982	Fasciola_cinerea	FC	#72fd72
988	Ectorhinal_area/Layer_5	ECT5	#36978c
989	Fastigial_nucleus	FN	#f0f052
990	Ventral_auditory_area_layer_4	AUDv4	#46a87c
996	Agranular_insular_area_dorsal_part_layer_1	AId1	#4aa54d
997	root	root	#ffffff
998	Fundus_of_striatum	FS	#a0e4e0
1004	Ventral_premammillary_nucleus	PMv	#ff4e59
1005	Primary_auditory_area_layer_6b	AUDp6b	#73bea8
1006	Primary_somatosensory_area_trunk_layer_1	SSp-tr1	#00b3ab
1007	Simple_lobule	SIM	#f0f180
1009	fiber_tracts	fiber_tracts	#cccccc
1010	Visceral_area_layer_4	VISC4	#46a876
1015	Anterior_cingulate_area_dorsal_part_layer_5	ACAd5	#89b76c
1016	olfactory_nerve_layer_of_main_olfactory_bulb	onl	#cccccc
1017	Ansiform_lobule	AN	#f0f180
1020	Posterior_complex_of_the_thalamus	PO	#ff8682
1021	Secondary_motor_area_layer_6a	MOs6a	#81ae73
1022	Globus_pallidus_external_segment	GPe	#a0d8b1
1023	Ventral_auditory_area_layer_5	AUDv5	#60b790
1025	Paramedian_lobule	PRM	#f0f180
1026	Primary_somatosensory_area_upper_limb_layer_6b	SSp-ul6b	#7cc9a2
1029	Posterior_limiting_nucleus_of_the_thalamus	POL	#ff8582
1030	Primary_somatosensory_area_lower_limb_layer_1	SSp-ll1	#00b18e
1031	Globus_pallidus_internal_segment	GPi	#a0d8b2
1033	Copula_pyramidis	COPY	#f0f180
1035	Supplemental_somatosensory_area_layer_4	SSs4	#28b88d
1037	Postsubiculum	POST	#80ffa0
1038	Primary_somatosensory_area_barrel_field_layer_6a	SSp-bfd6a	#75cbc5
1039	Gracile_nucleus	GR	#ffb1b2
1041	Paraflocculus	PFL	#f0f180
1044	Peripeduncular_nucleus	PP	#ff70a3
1045	Ectorhinal_area/Layer_6b	ECT6b	#65aba5
1046	Anteromedial_visual_area_layer_6a	VISam6a	#40a4ac
1047	Primary_somatosensory_area_barrel_field_layer_4	SSp-bfd4	#42bfb3
1048	Gigantocellular_reticular_nucleus	GRN	#ffd4bb
1049	Flocculus	FL	#f0f180
1052	Pedunculopontine_nucleus	PPN	#ff9eff
1054	Infralimbic_area_layer_6a	ILA6a	#61a67a
1058	Visceral_area_layer_5	VISC5	#61b78a
1060	doral_tegmental_decussation	dtd	#cccccc
1061	Posterior_pretectal_nucleus	PPT	#ffb0f4
1062	Primary_somatosensory_area_barrel_field_layer_6b	SSp-bfd6b	#8fd3d0
1066	Anteromedial_visual_area_layer_2/3	VISam2/3	#008e91
1069	Parapyramidal_nucleus	PPY	#ffd4c8
1070	Primary_somatosensory_area_barrel_field_layer_5_	SSp-bfd5	#5dc5bc
1074	Anterolateral_visual_area_layer_1	VISal1	#00a0b5
1077	Perireunensis_nucleus	PR	#ff90a0
1081	Infralimbic_area_layer_6b	ILA6b	#74ac87
1084	Presubiculum	PRE	#81ffa1
1085	Secondary_motor_area_layer_6b	MOs6b	#8bb27f
1086	Primary_somatosensory_area_trunk_layer_4	SSp-tr4	#3fc0bb
1089	Hippocampal_formation	HPF	#90ffb0
1090	Supplemental_somatosensory_area_layer_5	SSs5	#4abe9b
1092	external_medullary_lamina_of_the_thalamus	em	#cccccc
1093	Pontine_reticular_nucleus_caudal_part	PRNc	#ffae55
1094	Primary_somatosensory_area_lower_limb_layer_4	SSp-ll4	#45bfab
1097	Hypothalamus	HY	#ff696e
1098	Medullary_reticular_nucleus_dorsal_part	MDRNd	#ffd4c3
1101	Agranular_insular_area_dorsal_part_layer_5	AId5	#72b16e
1102	Primary_somatosensory_area_mouth_layer_6a	SSp-m6a	#73c592
1105	Intercalated_amygdalar_nucleus	IA	#b8d0f8
1106	Visceral_area_layer_2/3	VISC2/3	#2aa36a
1107	Medullary_reticular_nucleus_ventral_part	MDRNv	#ffd4c3
1109	Parastrial_nucleus	PS	#ff4d5a
1111	Primary_somatosensory_area_trunk_layer_5	SSp-tr5	#5bc5c5
1113	Interanterodorsal_nucleus_of_the_thalamus	IAD	#ff909f
1114	Anterolateral_visual_area_layer_4	VISal4	#00a1c5
1120	Interanteromedial_nucleus_of_the_thalamus	IAM	#ff8881
1123	inferior_cerebellar_peduncle	icp	#cccccc
1125	Orbital_area_ventrolateral_part_layer_5	ORBvl5	#489662
1126	Tuberomammillary_nucleus_dorsal_part	TMd	#ff4e56
1127	Temporal_association_areas_layer_2/3	TEa2/3	#009179
1128	Primary_somatosensory_area_lower_limb_layer_5	SSp-ll5	#60c4b3
1139	Nucleus_of_the_lateral_olfactory_tract_layer_3	NLOT3	#a0ffaa
10703	Dentate_gyrus_molecular_layer	DG-mo	#72fa72
10704	Dentate_gyrus_polymorph_layer	DG-po	#5ee65e
12001	Primary_somatosensory_area_unassigned_layers_1-3	SSp-un_1-3	#009fac
12002	Primary_somatosensory_area_unassigned_layers_4-6	SSp-un_4-6	#009fac
12003	Anterior_area_layers_1-6	VISa_1-6	#009fac
12004	Rostrolateral_visual_area_layers_1-6_	VISrl_1-6	#009fac
12005	Laterointermediate_area_layers_1-6	VISli_1-6	#009fac
12006	Postrhinal_area_layers_1-6	VISpor_1-6	#009fac
12007	Frontal_pole_layers_5-6a	FRP_5-6A	#009fac
12008	Frontal_pole_layers_5-6b	FRP_6b	#009fac
